<?xml version="1.0" encoding="UTF-8"?>
<beans xmlns="http://www.springframework.org/schema/beans"
       xmlns:xsi="http://www.w3.org/2001/XMLSchema-instance"
       xsi:schemaLocation="http://www.springframework.org/schema/beans http://www.springframework.org/schema/beans/spring-beans.xsd">


    <!-- 这里可以使用 链接池 dbcp-->
    <bean id="dataSource" class="org.apache.commons.dbcp.BasicDataSource">
        <property name="driverClassName" value="com.mysql.cj.jdbc.Driver" />
        <property name="url" value="jdbc:mysql://localhost:3306/activiti?serverTimezone=Asia/Shanghai"/>
        <property name="username" value="jzh" />
        <property name="password" value="Root@123456" />
        <property name="maxActive" value="3" />
        <property name="maxIdle" value="1" />
    </bean>

    <bean id="processEngineConfiguration"
          class="org.activiti.engine.impl.cfg.StandaloneProcessEngineConfiguration">
        <property name="dataSource" ref="dataSource" />
        <property name="databaseSchemaUpdate" value="true"/>
    </bean>
</beans>