<configuration>
    <property name="LOG_FILE" value="${logs.home}/config-server-9992"/>
    <property name="LOG_PATTERN" value="%d{yyyy/MM/dd-HH:mm:ss} %-5level [%thread] %logger - %msg%n"/>

    <!--配置规则类的位置-->
    <!--<conversionRule conversionWord="ip" converterClass="com.jzh.erp.config.IPLogConfig" />-->

    <!-- 彩色日志 -->
    <!-- 配置格式变量：CONSOLE_LOG_PATTERN 彩色日志格式 -->
    <!-- magenta:洋红 -->
    <!-- boldMagenta:粗红-->
    <!-- cyan:青色 -->
    <!-- white:白色 -->
    <!-- magenta:洋红 -->
    <property name="CONSOLE_LOG_PATTERN"
              value="%yellow(%date{yyyy-MM-dd HH:mm:ss}) |%highlight(%-5level) |%blue(%thread) |%blue(%file:%line) |%green(%logger) |%cyan(%msg%n)"/>

    <appender name="CONSOLE" class="ch.qos.logback.core.ConsoleAppender">
        <encoder>
            <pattern>${LOG_PATTERN}</pattern>
        </encoder>
        <encoder>
            <Pattern>${CONSOLE_LOG_PATTERN}</Pattern>
            <!-- 设置字符集 -->
            <charset>UTF-8</charset>
        </encoder>
    </appender>

    <appender name="TIME_FILE" class="ch.qos.logback.core.rolling.RollingFileAppender">
        <file>${LOG_FILE}.log</file>
        <encoder>
            <pattern>${LOG_PATTERN}</pattern>
        </encoder>
        <rollingPolicy class="ch.qos.logback.core.rolling.TimeBasedRollingPolicy">
            <fileNamePattern>${LOG_FILE}.%d{yyyy-MM-dd}.%i.log</fileNamePattern>
            <maxHistory>10</maxHistory>
            <totalSizeCap>1GB</totalSizeCap>
            <timeBasedFileNamingAndTriggeringPolicy class="ch.qos.logback.core.rolling.SizeAndTimeBasedFNATP">
                <maxFileSize>100MB</maxFileSize>
            </timeBasedFileNamingAndTriggeringPolicy>
        </rollingPolicy>
    </appender>

    <root level="ERROR">
        <appender-ref ref="CONSOLE"/>
        <appender-ref ref="TIME_FILE"/>
    </root>
    <logger name="com.jzh" additivity="false" level="DEBUG">
        <appender-ref ref="CONSOLE"/>
        <appender-ref ref="TIME_FILE"/>
    </logger>
</configuration>